{"cameraMode":{"drawMode":0,"name":"Shaded","section":"Shading Mode"},"sceneLighting":false,"audioPlay":false,"sceneViewState":{"showFog":true,"showMaterialUpdate":false,"showSkybox":false,"showFlares":true,"showImageEffects":true,"showParticleSystems":true},"in2DMode":false,"pivot":{"x":-639.6677856445313,"y":0.00006658839993178844,"z":-0.0031012811232358219},"rotation":{"x":-0.09914662688970566,"y":-0.000898315804079175,"z":0.00008948947652243078,"w":-0.9950732588768005},"size":0.7229496836662293,"orthographic":false}